,loss,mean_absolute_error,val_loss,val_mean_absolute_error
0,3162815.101991304,1260.67236328125,4216126.957942857,1425.4449462890625
