,loss,mean_absolute_error,val_loss,val_mean_absolute_error
0,31.87571838964172,3.1003336906433105,13.327447867965699,1.2614140510559082
