,loss,mean_absolute_error,val_loss,val_mean_absolute_error
0,3056.642374096854,29.711761474609375,2411.5572048858644,6.015565395355225
