,loss,mean_absolute_error,val_loss,val_mean_absolute_error
0,0.9066962045643641,0.40412503480911255,0.12904314844438008,0.24897003173828125
