,loss,mean_absolute_error,val_loss,val_mean_absolute_error
0,1809.756474258174,18.84195899963379,796.4099618425641,9.794740676879883
