,loss,mean_absolute_error,val_loss,val_mean_absolute_error
0,35.1970913108411,3.125901937484741,71.18273680332729,5.441339492797852
