,loss,mean_absolute_error,val_loss,val_mean_absolute_error
0,6467.465296263587,54.81159210205078,86067.9470109375,98.95166778564453
