,loss,mean_absolute_error,val_loss,val_mean_absolute_error
0,2022.7018136812294,24.286527633666992,523.31971796875,4.8940110206604
